"","year","danceability","energy","valence","tempo","loudness","mode","key","acousticness","instrumentalness","liveness","speechiness","duration_ms","popularity","danceability_normalized","energy_normalized","valence_normalized","tempo_normalized","loudness_normalized","mode_normalized","key_normalized","acousticness_normalized","instrumentalness_normalized","liveness_normalized","speechiness_normalized","duration_ms_normalized","popularity_normalized"
"1",1921,0.425660938,0.236783594,0.425494531,100.3977578,-17.0954375,1,7,0.895823438,0.32233011,0.215814063,0.077257813,229911.9141,0.3515625,-2.1491091232336,-1.33082790655797,-1.89898717058254,-2.71608383753061,-1.65356057036919,NA,0.783507575164525,1.21653029175035,1.0042237085835,0.355250337779818,-0.363462741758707,0.117985110734826,-1.27937091641913
"2",1922,0.48,0.23702625,0.534055556,101.3761389,-19.17995833,1,10,0.939236111,0.440469941,0.238647222,0.115419444,167904.5417,0.138888889,-1.10478519208816,-1.329353864346,-0.0398745397866829,-2.54605277380525,-2.3191372537118,NA,1.61999253085619,1.37041437489299,1.91563897839645,1.60724723808449,0.214717164525847,-2.33575205102314,-1.28949641434824
"3",1923,0.568461538,0.246936095,0.624787574,112.4565976,-14.37388166,1,0,0.976328941,0.401932482,0.236655621,0.098618935,178356.3018,5.727810651,0.5953269872375,-1.26915535351544,1.51391551222689,-0.620400101931366,-0.784581914243736,NA,-1.16829065478269,1.50189662975705,1.61833341857734,1.4980429760442,-0.0398242810206708,-1.92215813193701,-1.02340502923944
"4",1924,0.548654008,0.347032911,0.66857384,120.6533586,-14.2023038,1,10,0.935574544,0.583954695,0.237874684,0.090209705,188461.6498,0.603375527,0.214652812260366,-0.661105554342956,2.26375736547014,0.804100015591896,-0.729797993953612,NA,1.61999253085619,1.35743528741178,3.02258313663682,1.56488712569848,-0.167230989956284,-1.52227232867894,-1.26738197114556
"5",1925,0.571889734,0.264372624,0.616430418,115.6717148,-14.51670722,1,5,0.965422053,0.408893408,0.243093536,0.115457414,184130.6996,2.707224335,0.661212318924989,-1.16323512167994,1.37079882484179,-0.061650758227058,-0.830185374354687,NA,0.225850938036749,1.46323518958682,1.67203498725859,1.85104930444689,0.215292441065826,-1.69365539233966,-1.16721666785102
"6",1926,0.558295195,0.239194931,0.495961453,108.4965732,-16.41062128,1,5,0.740919594,0.468505274,0.234052517,0.306672426,170391.5011,1.613272311,0.399943502569823,-1.31617995832966,-0.692237835418226,-1.30860550687058,-1.43490230519521,NA,0.225850938036749,0.667445557686362,2.13192361647496,1.35530853710079,3.11235618863888,-2.23733883879738,-1.2193002756925
"7",1927,0.649959732,0.256158725,0.66065906,114.6114648,-14.72681208,1,7,0.934606323,0.402275784,0.167778523,0.116197483,185163.1997,0.832214765,2.16161302911533,-1.21313141046273,2.12821638777607,-0.245909668497109,-0.897270765807917,NA,0.783507575164525,1.35400325269546,1.62098189608326,-2.27865359047037,0.22650509141256,-1.65279760774357,-1.25648681955824
"8",1928,0.529695689,0.207142747,0.492953593,106.195246,-17.31619273,1,1,0.946188006,0.516979011,0.177988335,0.135313271,217498.3119,1.536770921,-0.149700665648202,-1.51088469343571,-0.743747578603366,-1.70854895610126,-1.72404656969304,NA,-0.889462336218803,1.39505662597435,2.50588474129404,-1.71882509820202,0.516124906519399,-0.37324223611886,-1.22294254547095
"9",1929,0.647005087,0.24051342,0.638207684,111.3539881,-16.60708874,1,7,0.591110509,0.21946126,0.235988312,0.485278355,169983.4253,0.327922078,2.1048287128616,-1.30817064291186,1.74373552366903,-0.812020592309488,-1.49763334560009,NA,0.783507575164525,0.136420119753435,0.210619723505024,1.46145282224439,5.81838202100138,-2.25348709208595,-1.28049644883887
"10",1930,0.510382249,0.327300193,0.618458159,110.2143556,-12.6859344,1,2,0.943474167,0.36337664,0.217320397,0.07970237,195908.5595,0.871554576,-0.520879093143723,-0.78097425443255,1.40552398430931,-1.01007524221124,-0.245629113773018,NA,-0.610634017654915,1.3854369320589,1.32088603913005,0.437846245723329,-0.326425704815311,-1.22758544929835,-1.25461383130672
"11",1931,0.556093523,0.25843397,0.571312954,108.0102812,-15.90358136,1,0,0.875893523,0.3320111,0.239117852,0.233181517,179379.5735,0.211690363,0.357630318029891,-1.1993101689827,0.598160143585074,-1.39311730502483,-1.27300709003638,NA,-1.16829065478269,1.14588509796359,1.07890979911047,1.63305301034712,1.99890883943133,-1.88166553082068,-1.28603029943743
"12",1932,0.560050939,0.305478497,0.593601879,116.225833,-13.28890605,1,7,0.940087683,0.226417916,0.236319833,0.141776409,193462.6848,1.542797495,0.433686548707886,-0.913532695356416,0.979859026718883,0.0346484312969216,-0.438154832480573,NA,0.783507575164525,1.37343292609923,0.264288350348039,1.47963091421957,0.614046730750238,-1.32437287008565,-1.22265561724196
"13",1933,0.603766399,0.287360611,0.635153376,115.0536817,-12.76876527,1,5,0.90501086,0.130555862,0.210155466,0.096170579,192454.0386,7.069131833,1.27383909015277,-1.0235919098646,1.6914303563114,-0.169057601440282,-0.272076580711011,NA,0.225850938036749,1.24909677322258,-0.475260192016419,0.0449758854329792,-0.0769188759196997,-1.36428671529813,-0.959544050969739
"14",1934,0.529833935,0.259990614,0.564255054,115.988287,-14.86393863,1,0,0.89285375,0.273865077,0.216328159,0.104409386,187911.9964,1.046931408,-0.147043762844375,-1.1898541532031,0.477293275969425,-0.00663425401221125,-0.941054561601032,NA,-1.16829065478269,1.20600369471036,0.630329732654346,0.383439455127051,0.0479057852473382,-1.54402304833476,-1.24626405184475
"15",1935,0.553363892,0.244698444,0.541963636,110.6644155,-15.49448015,1,7,0.781330269,0.226478907,0.228123175,0.354805122,222171.395,1.362996159,0.305170469229106,-1.28274822585184,0.0955517000940115,-0.931860154514706,-1.14238319672501,NA,0.783507575164525,0.810688515141447,0.264758878604688,1.03018848670188,3.84160588088874,-0.188320391850337,-1.23121604957185
"16",1936,0.532999905,0.306197884,0.551709013,109.9816414,-13.79590512,1,10,0.795903499,0.301756586,0.225570209,0.21486518,248519.7163,5.010436433,-0.0861980633678434,-0.909162695007181,0.262441737034685,-1.05051821782677,-0.600037004446391,NA,1.61999253085619,0.862345968645334,0.845504809387994,0.890203234613753,1.72140136051523,0.85432748406174,-1.05755957772621
"17",1937,0.556888087,0.286996191,0.594564933,114.5911695,-13.42102013,1,7,0.899630872,0.335733979,0.21799094,0.086466779,205470.5755,3.55033557,0.372900773011735,-1.02580562171548,0.996351371513329,-0.249436751601661,-0.480338172615035,NA,0.783507575164525,1.23002643123515,1.10763075409699,0.474613727503708,-0.223939378649367,-0.849200217149338,-1.12707571654136
"18",1938,0.486981771,0.283627083,0.521627795,112.1711233,-14.30434896,1,0,0.916126527,0.364127209,0.234537847,0.098390278,244455.0191,2.03125,-0.970604912401376,-1.04627166174207,-0.25270052818917,-0.670012158925569,-0.762380483975535,NA,-1.16829065478269,1.28849826837617,1.32667646596457,1.38192034563875,-0.0432886214947797,0.693480504341413,-1.19940014701888
"19",1939,0.513091892,0.295648348,0.562476577,113.99699,-13.81899299,1,0,0.882833908,0.266189946,0.234701101,0.127324525,215190.8509,4.22022022,-0.468803386909397,-0.97324708352722,0.446836774160604,-0.35269812125486,-0.607408841522274,NA,-1.16829065478269,1.17048654976505,0.571118275079002,1.39087195421653,0.39508887392396,-0.464552391441733,-1.09518217034904
"20",1940,0.52163935,0.309803345,0.61590747,108.3076335,-13.728306,1,7,0.84711055,0.315485537,0.2643472,0.2440925,182824.4695,0.827,-0.30453270185671,-0.887260901078249,1.3618433158822,-1.34144099211345,-0.578452956237825,NA,0.783507575164525,1.04385863646871,0.951419770277973,3.01643870361488,2.16421915146732,-1.74534513847986,-1.25673509715112
"21",1941,0.480442133,0.261471915,0.480071325,107.395087,-15.90931988,1,7,0.899570549,0.448217661,0.200939648,0.09385559,202571.4762,1.240165631,-1.09628798849916,-1.18085581727637,-0.964357020639284,-1.50003078099413,-1.27483936969218,NA,0.783507575164525,1.22981260543485,1.9754104395071,-0.460349530545249,-0.111992851742949,-0.963922506011179,-1.23706407298692
"22",1942,0.465813948,0.257303499,0.473810612,106.1970297,-15.03001092,1,7,0.851035543,0.390266735,0.213301516,0.08263493,221935.6568,0.953911461,-1.37742209539123,-1.20617734710073,-1.0715720235935,-1.70823897013733,-0.994080581961458,NA,0.783507575164525,1.05777148512344,1.52833549104031,0.217481356454466,-0.281995023485841,-0.197648953268074,-1.25069277845679
"23",1943,0.467497003,0.275160773,0.517023975,106.3444227,-13.59756151,1,5,0.915794006,0.395795039,0.235692744,0.113055205,216915.6751,1.184542587,-1.34507603439492,-1.09770125062362,-0.331541161021355,-1.68262380997564,-0.53670691908284,NA,0.225850938036749,1.28731958745941,1.57098478754868,1.445246119535,0.178897010941366,-0.396298164996887,-1.23971231417766
"24",1944,0.507083485,0.260940793,0.548159168,107.2329311,-14.48940442,1,10,0.893705469,0.439483379,0.235994278,0.171819506,247493.1795,2.678803641,-0.584276915292384,-1.1840821798955,0.20165047537455,-1.52821155857287,-0.821467732003294,NA,1.61999253085619,1.20902276698472,1.90802793253828,1.4617799523409,1.06922421013936,0.813705677386505,-1.16856979143268
"25",1945,0.52003165,0.227028101,0.49426055,108.120676,-17.0140425,1,0,0.701386808,0.270448321,0.20299625,0.31295845,194490.685,1.7565,-0.335430540764981,-1.39008878813765,-0.721365878848716,-1.37393199444008,-1.62757156927071,NA,-1.16829065478269,0.527314436811025,0.603970429739607,-0.347581107693186,3.20759459098134,-1.28369315418409,-1.21248113315036
"26",1946,0.403514504,0.204252136,0.373622821,102.5905309,-17.71348436,1,7,0.924216926,0.49537518,0.207839321,0.088025017,262658.9128,1.645375915,-2.57473389783374,-1.52844404755179,-2.78729263050225,-2.3350058069949,-1.85089972539654,NA,0.783507575164525,1.31717615311212,2.33921731597956,-0.0820239029299096,-0.200330799110169,1.41383953152673,-1.21777180690744
"27",1947,0.472398607,0.258910931,0.506145282,109.272361,-14.59378657,1,0,0.915398535,0.344697102,0.220692844,0.100910386,232983.2514,1.161494617,-1.25087377602325,-1.19641281368357,-0.517839287470055,-1.17378276258499,-0.854796410804346,NA,-1.16829065478269,1.285917768865,1.17677870443908,0.622765607535761,-0.00510692513942848,0.239523150126146,-1.24080963965874
"28",1948,0.439915364,0.247542342,0.443624625,107.3752168,-15.51207388,1,0,0.93426515,0.392072308,0.221531852,0.086625268,207500.8137,1.582441113,-1.87515816330459,-1.26547263530991,-1.58850846284267,-1.50348398674641,-1.14800078341088,NA,-1.16829065478269,1.35279390319749,1.54226497434016,0.668770429528672,-0.221538140736681,-0.76886023940565,-1.22076816458587
"29",1949,0.44162305,0.244627165,0.42859375,108.8766015,-15.6105295,1,0,0.907894695,0.293478962,0.210266,0.1033084,225385.41,3.307,-1.84233872750568,-1.28318121846207,-1.84591290024931,-1.2425610829802,-1.17943715193882,NA,-1.16829065478269,1.25931904875281,0.781645289296332,0.051036729899497,0.0312249473056733,-0.0611363532641834,-1.13866104580966
"30",1950,0.4914329,0.324979145,0.55183425,111.7684885,-13.506982,1,7,0.866723461,0.262044584,0.2127911,0.1181832,222606.0595,2.7035,-0.885060179676408,-0.795073731585447,0.264586426517333,-0.739985325145611,-0.507785351604621,NA,0.783507575164525,1.11338015215592,0.539137983641965,0.189494022338065,0.256590327260254,-0.171119978491957,-1.16739398531957
"31",1951,0.4597661,0.25026026,0.43176165,109.1837115,-15.9488355,1,0,0.904933296,0.306455701,0.2159926,0.107834,214660.0035,2.799,-1.49365362692429,-1.24896232499128,-1.7916624645787,-1.18918899721454,-1.28745650209082,NA,-1.16829065478269,1.24882183357478,0.881757148073049,0.365039949921954,0.099791486924522,-0.485558925700272,-1.16284718213283
"32",1952,0.46265855,0.25158091,0.436885362,107.5911275,-16.0553675,1,5,0.861885918,0.277559257,0.2276149,0.1641967,223649.8685,2.9865,-1.43806461519933,-1.24093988232659,-1.70391865692986,-1.46596126069346,-1.32147161684016,NA,0.225850938036749,1.09623260472851,0.65882928300022,1.0023185487532,0.953732467695088,-0.129814681493476,-1.15392021252536
"33",1953,0.436234359,0.265310379,0.423354256,109.0141785,-15.55176769,1,0,0.891139458,0.290270225,0.225679231,0.096054205,217921.8221,3.177435897,-1.94590214508635,-1.15753861941135,-1.93563948006356,-1.21865182752326,-1.1606748109518,NA,-1.16829065478269,1.19992707619257,0.75689079393385,0.896181172491952,-0.0786820371539237,-0.356483217377993,-1.14482965812806
"34",1954,0.46662995,0.25936111,0.4464522,108.532237,-15.59447,1,5,0.867919072,0.278372244,0.21994595,0.1159951,222630.231,7.0835,-1.36173963078662,-1.19367814877134,-1.5400861087149,-1.3024075602315,-1.17430943693002,NA,0.225850938036749,1.11761821191627,0.665101246991428,0.581811617207215,0.223438823517103,-0.170163471136302,-0.958859975289077
"35",1955,0.49018335,0.287021395,0.47206955,110.391857,-14.386474,1,0,0.845071037,0.225791449,0.22586435,0.10661965,220256.196,8.8735,-0.909074855678043,-1.02565251707388,-1.10138779177733,-0.979227598225944,-0.788602583057452,NA,-1.16829065478269,1.03662921320646,0.25945533522519,0.906331691488796,0.081393091709269,-0.264108072840052,-0.873637172103101
"36",1956,0.48488295,0.306298675,0.5061335,111.8144845,-14.1303665,1,0,0.82009984,0.234791088,0.1860197,0.06405415,215516.486,15.104,-1.01094143859115,-0.908550428306226,-0.518041054771128,-0.731991764346948,-0.706828787384147,NA,-1.16829065478269,0.948114282201881,0.32888499614458,-1.27844608252506,-0.563509030030632,-0.451666456832402,-0.576999923359958
"37",1957,0.50743335,0.29674755,0.51425785,112.308124,-14.163187,1,5,0.79008145,0.19233531,0.18274105,0.06572105,241185.707,18.6135,-0.577552978979861,-0.966569852601613,-0.378911181024944,-0.646203057592643,-0.717308202711288,NA,0.225850938036749,0.841708661369263,0.00135071720195471,-1.45822232974447,-0.53825413236167,0.56410826548236,-0.409910857560414
"38",1958,0.4815849,0.311422635,0.4953149,112.869024,-14.2781125,1,0,0.777831215,0.186284447,0.2038149,0.0578502,212955.166,18.1555,-1.07432553861691,-0.877424334855183,-0.703310085784128,-0.548725271437992,-0.754003318452344,NA,-1.16829065478269,0.798285484426047,-0.0453299736968346,-0.302692563693014,-0.657503944178669,-0.553022244441199,-0.431716468654926
"39",1959,0.48886505,0.31679769,0.487513,112.506105,-14.324556,1,0,0.77708802,0.178835127,0.1963936,0.0718479,216623.042,19.805,-0.934410814521592,-0.844772935501071,-0.836917988198518,-0.611796301342538,-0.768832486982562,NA,-1.16829065478269,0.795651095127531,-0.102799363489029,-0.709620251457596,-0.445427346241875,-0.407878154350386,-0.35318294136148
"40",1960,0.4873433,0.34719967,0.52787905,112.965354,-13.7775955,1,5,0.757064973,0.17841129,0.20411595,0.06681045,211600.6325,18.4845,-0.963656809644228,-0.660092557321551,-0.145647493927327,-0.53198425674682,-0.594190837798652,NA,0.225850938036749,0.724675778097014,-0.106069145665302,-0.286185269768564,-0.521748831791409,-0.606623438253373,-0.416052612650353
"41",1961,0.4892041,0.343305774,0.51821205,112.3063895,-14.158903,1,0,0.751735725,0.260177456,0.21087845,0.0622034,230635.9715,18.2335,-0.927894728011765,-0.683746483344518,-0.311195321077112,-0.646504493178463,-0.71594034374322,NA,-1.16829065478269,0.705785293230538,0.524733620985518,0.0846188330851131,-0.591549405494567,0.146637293223145,-0.428002849298219
"42",1962,0.4992031,0.379657,0.56029685,114.924049,-13.0558565,1,0,0.713096766,0.173527923,0.2068896,0.05817435,210347.9275,20.336,-0.735727351483932,-0.462926715521197,0.409508847334316,-0.191586231515609,-0.363743320582423,NA,-1.16829065478269,0.568822504062929,-0.14374293624234,-0.134099384388881,-0.652592806690281,-0.656195105173742,-0.327901763433126
"43",1963,0.4863314,0.373388235,0.54989925,114.546598,-13.602048,1,0,0.712598155,0.190613667,0.20351605,0.0546331,200297.1395,24.365,-0.983104171211235,-0.501007060647355,0.23144946101254,-0.257182751148091,-0.53813943205708,NA,-1.16829065478269,0.567055087055922,-0.0119312699660022,-0.319079226338163,-0.706245639115871,-1.05392187645927,-0.136079040507819
"44",1964,0.50658625,0.397462465,0.5675485,115.0386355,-13.0205355,1,0,0.686364562,0.155720749,0.2202171,0.06515295,197745.7025,25.1475,-0.593833105458182,-0.354765338865394,0.533693692762138,-0.171672453046701,-0.352465508581693,NA,-1.16829065478269,0.474065364761181,-0.281120230237421,0.596679422381156,-0.546861311775994,-1.15488657695324,-0.0988238206793128
"45",1965,0.5048521,0.445830653,0.5791451,117.6115185,-12.1029475,1,0,0.607825756,0.109639449,0.21337455,0.0582296,192590.198,26.6705,-0.627161143862596,-0.0609471319032759,0.732286010164144,0.27546418249429,-0.0594844220290696,NA,-1.16829065478269,0.19567034051496,-0.636624382540054,0.221485985932886,-0.651755724024128,-1.35889865631786,-0.0263130222143731
"46",1966,0.5035686,0.472649405,0.58500235,116.316601,-11.7510585,1,9,0.533855656,0.107621696,0.2163386,0.05564505,195723.263,28.06,-0.651828293354893,0.101966509302421,0.832591690372387,0.050422836170672,0.0528719095335892,NA,1.3411642122923,-0.0665300777470063,-0.652190774326334,0.384011960212137,-0.690913769359972,-1.2349179468772,0.0398417738900482
"47",1967,0.49844525,0.452212345,0.55796715,117.582517,-11.6416575,1,0,0.516564568,0.103044282,0.19169365,0.05105005,201815.848,31.207,-0.750292212600205,-0.0221807985267911,0.369612625868416,0.270424064799219,0.0878030810941841,NA,-1.16829065478269,-0.127821471239843,-0.687504224333348,-0.967329788345898,-0.760531775712414,-0.993823998737749,0.189672031781818
"48",1968,0.50047985,0.456669245,0.5667658,116.488288,-12.178926,1,0,0.488828213,0.111796512,0.2179106,0.0600978,217330.8715,30.9155,-0.711189927943388,0.00489316104782549,0.520289918653299,0.0802600062037136,-0.0837439627866192,NA,-1.16829065478269,-0.226138005651211,-0.61998325363791,0.470208492513207,-0.623450966795046,-0.379868137458611,0.175793569698739
"49",1969,0.49049835,0.48958083,0.556460485,116.9565235,-12.083148,1,2,0.443721952,0.155996969,0.2086283,0.0561868,243239.2485,32.872,-0.903020977929641,0.204818427898453,0.343810917272924,0.161633798214798,-0.053162544429102,NA,-0.610634017654915,-0.386025318233368,-0.278989271324607,-0.0387622910607209,-0.682705813986428,0.645370394431437,0.268943521896148
"50",1970,0.509339,0.49700465,0.57485125,117.228647,-11.8689105,1,2,0.452994844,0.125211852,0.2163628,0.053003,242455.391,34.439,-0.540928940467984,0.24991528952183,0.658753628080034,0.208925644070842,0.0152423775296831,NA,-0.610634017654915,-0.353155872864252,-0.516487712614727,0.385338904284457,-0.730942986701314,0.614351820303425,0.343549182562307
"51",1971,0.50451935,0.500450855,0.57440365,118.2344645,-12.0631855,1,2,0.4529077,0.12461931,0.21742735,0.06172,261744.5995,34.664,-0.633556152817455,0.270849664279137,0.651088457144662,0.383724829621935,-0.0467886217750276,NA,-0.610634017654915,-0.353464770557361,-0.521059005989994,0.443710735366583,-0.598873310667749,1.37765859956872,0.354261546091271
"52",1972,0.5208465,0.5069524,0.597264,119.2493455,-11.7722985,1,2,0.457332818,0.112921811,0.2093138,0.0548739,248024.293,34.7465,-0.319770216056139,0.310344058701842,1.04257302013045,0.560099144277703,0.046090087759135,NA,-0.610634017654915,-0.33777913824838,-0.611301891196269,-0.00117468107828874,-0.702597322265018,0.834722741674514,0.358189412718557
"53",1973,0.5135514,0.53483924,0.5874993,120.419363,-11.3201835,1,0,0.412536525,0.104506559,0.20650535,0.0575813,256522.1945,36.6775,-0.459972259111264,0.47974592520632,0.875352075910988,0.763434347811668,0.190448060996295,NA,-1.16829065478269,-0.496567713107486,-0.676223172251123,-0.155168733966925,-0.661577999000905,1.17099915366305,0.450125297049351
"54",1974,0.52052895,0.521901915,0.5879766,119.827762,-11.746781,1,7,0.437783753,0.111008296,0.22111405,0.05933695,255832.2625,32.1815,-0.325873101386313,0.401156633534153,0.883525860735503,0.660621090962179,0.0542376930853886,NA,0.783507575164525,-0.407074340223643,-0.626064116393765,0.645861343276476,-0.634978466279977,1.14369737127876,0.236068468488373
"55",1975,0.523718,0.534788445,0.5784687,119.095331,-11.407781,1,9,0.415703517,0.105966498,0.22028765,0.0617354,255555.734,34.662,-0.26458383524809,0.479437365046434,0.720702628527223,0.533333245729448,0.162478633835856,NA,1.3411642122923,-0.485341736300205,-0.664960157175408,0.600547848178764,-0.59863998807845,1.13275466833115,0.354166325082124
"56",1976,0.53280355,0.555976895,0.58459385,121.1474615,-11.066453,1,2,0.362252849,0.119460556,0.2525387,0.0650382,266387.733,35.874,-0.0899717432576453,0.608149079186035,0.825596108765819,0.889969255785502,0.271462892905105,NA,-0.610634017654915,-0.674807310984861,-0.560857329121239,2.36895031196273,-0.548599868082619,1.56139528723964,0.411870256624808
"57",1977,0.5372937,0.564516209,0.58805865,122.0271205,-11.034756,1,9,0.332094207,0.125854677,0.2240226,0.0606237,258175.421,35.743,-0.00367707921959705,0.660022139391774,0.884930970823188,1.0428435861314,0.281583580512679,NA,1.3411642122923,-0.781710080436476,-0.511528500164038,0.805344119373342,-0.61548315187867,1.23642013737583,0.405633280525723
"58",1978,0.54478325,0.570141965,0.59465825,121.092253,-10.76404,1,9,0.316198631,0.098767662,0.2239043,0.0639651,252205.3435,35.7055,0.140262032178947,0.69419645124994,0.997949429502999,0.880374671444408,0.368021794424784,NA,1.3411642122923,-0.838054828864758,-0.720497133991289,0.79885744649089,-0.564858210327844,1.00017401932028,0.403847886604229
"59",1979,0.5618163,0.598865365,0.6112477,122.9454195,-10.8373475,1,9,0.282255005,0.108642484,0.2181085,0.0687692,251801.05,35.798,0.46761442069454,0.868680099176872,1.2820445366831,1.20243309147644,0.344615090106008,NA,1.3411642122923,-0.958374159709623,-0.644315684591004,0.481059824410397,-0.492072168038885,0.98417543807404,0.408251858277247
"60",1980,0.5578385,0.60089611,0.6033149,122.6640385,-10.604593,1,0,0.282898615,0.122710305,0.20805325,0.0601958,251271.876,35.7065,0.391166436860914,0.881016096851568,1.14619496564618,1.15353240161019,0.418932394070329,NA,-1.16829065478269,-0.956092767482256,-0.535786437817362,-0.0702936624982076,-0.621966186681327,0.963235123098911,0.403895497108802
"61",1981,0.54187025,0.601334018,0.58329185,123.4056765,-11.0375065,1,9,0.292430356,0.154506944,0.2254533,0.05825155,252524.9085,35.2655,0.0842780770008708,0.883676220141165,0.80329929786802,1.28242031455039,0.280705360136472,NA,1.3411642122923,-0.922305784945194,-0.290484391352356,0.883792833599258,-0.65142316358029,1.01281974975115,0.382899264592033
"62",1982,0.56573035,0.60003644,0.59246755,121.202016,-10.8133405,1,2,0.283249098,0.093279367,0.2013609,0.06617205,249905.7285,35.725,0.542837214983845,0.875793931035079,0.960433589538475,0.899450182661547,0.352280400621042,NA,-0.610634017654915,-0.95485041700289,-0.76283777241863,-0.437251272514148,-0.531421113675064,0.909174343558562,0.404776291443405
"63",1983,0.54803335,0.614877525,0.57606155,121.2740695,-10.992583,1,9,0.277094656,0.142536128,0.2018573,0.0687133,251411.6325,35.911,0.202724597480787,0.965947835168771,0.679480072188794,0.911972228774391,0.295049200554772,NA,1.3411642122923,-0.976665951476536,-0.382835839650274,-0.410032469311699,-0.492919098736404,0.968765525442605,0.413631845294015
"64",1984,0.5397952,0.60113052,0.566882705,121.9237365,-11.3787775,1,9,0.271246582,0.137412367,0.19596895,0.0611703,251420.918,37.168,0.0443983975665199,0.882440047773484,0.52229192224624,1.02487666966891,0.17173930087142,NA,1.3411642122923,-0.997395509079228,-0.422364201717019,-0.732904829982818,-0.607201715040314,0.969132968466453,0.473478249542491
"65",1985,0.55850035,0.61172402,0.57058735,121.9948245,-11.178366,1,9,0.278964298,0.108347851,0.1995335,0.0578907,251831.435,36.5785,0.403886306663389,0.946791500746112,0.585734141146759,1.03723092330086,0.2357296527806,NA,1.3411642122923,-0.970038666743919,-0.646588694573478,-0.537451999694157,-0.656890336070449,0.985377824189986,0.445411857096607
"66",1986,0.5447083,0.6218376,0.5533414,120.925895,-10.9862495,1,7,0.271672888,0.114289106,0.20997095,0.06586145,253202.991,37.0025,0.138821593648018,1.00822762362853,0.290396440760511,0.851463618584512,0.297071454236905,NA,0.783507575164525,-0.99588439024192,-0.600753598289545,0.0348584303731407,-0.536126957586505,1.03965262727182,0.465598711035632
"67",1987,0.54301125,0.587712445,0.5424803,120.406542,-11.5242195,1,7,0.301076418,0.098808534,0.1996317,0.0583823,249306.277,39.187,0.106206567511747,0.800930384079173,0.104399595259681,0.761206209647488,0.125300425046554,NA,0.783507575164525,-0.891658252053946,-0.720181818110164,-0.532067458045325,-0.649442194193874,0.885453028410211,0.569603858275724
"68",1988,0.54506375,0.59349891,0.554020605,120.481966,-11.46748,1,7,0.302313665,0.108803259,0.21206585,0.06772325,256161.0145,38.838,0.145652866173951,0.83608094152716,0.30202785815363,0.774314008796941,0.143417052945407,NA,0.783507575164525,-0.887272605949731,-0.643075351091591,0.149726824468249,-0.507919165589339,1.156706646921,0.552987792179687
"69",1989,0.55203085,0.591701695,0.55836595,120.6101975,-11.3089415,1,7,0.300095781,0.103721331,0.198774,0.06488795,255036.374,38.6295,0.279551188906931,0.825163549111604,0.376442094521291,0.796599126884461,0.194037573255637,NA,0.783507575164525,-0.895134297531283,-0.682280983434929,-0.579097207253102,-0.550876278410031,1.11220271002352,0.543061001976181
"70",1990,0.54518535,0.5876502,0.5339336,120.019514,-11.1057955,1,7,0.304092532,0.106585423,0.2002561,0.0678364,259626.2145,39.785,0.14798985517143,0.800552269557034,-0.0419630419908699,0.693945320683567,0.258901036824057,NA,0.783507575164525,-0.880967089647436,-0.660185326442249,-0.497830107683501,-0.506204850590693,1.29383050306627,0.59807494001048
"71",1991,0.56122825,0.56602222,0.5542273,119.776355,-10.835189,1,7,0.315968343,0.108993929,0.1902512,0.07370745,244292.828,41.21,0.456312887964546,0.669170579099402,0.305567519696272,0.651687162360194,0.345304287954415,NA,0.783507575164525,-0.838871126394716,-0.641604386150942,-1.04642278326808,-0.417253643584055,0.687062326728449,0.66591990902725
"72",1992,0.56382585,0.589770795,0.5645346,122.566212,-10.454913,1,7,0.306602951,0.094689788,0.2004604,0.0755334,245248.012,42.485,0.506235277930413,0.813434071550378,0.482080514294491,1.13653131291833,0.46672444130198,NA,0.783507575164525,-0.872068454769116,-0.751956774660432,-0.486627848428342,-0.389589008393796,0.724860581781046,0.726623302358043
"73",1993,0.5744991,0.571926055,0.55845145,119.9397855,-10.773155,1,7,0.291017322,0.114979256,0.19882815,0.0781756,252771.8,42.325,0.711360835638755,0.705034114320118,0.377906286020339,0.680089450344057,0.365111422227319,NA,0.783507575164525,-0.927314539912652,-0.595429286893997,-0.576128032810288,-0.349557518429831,1.0225896662147,0.719005621626336
"74",1994,0.5593907,0.59062834,0.53697305,118.4363855,-10.080787,1,7,0.288333828,0.107491494,0.1930889,0.07814085,252177.5665,44.3795,0.420997640165895,0.818643328806187,0.010087681421813,0.418816311273091,0.586180931565134,NA,0.783507575164525,-0.936826670478968,-0.653195245806916,-0.89082488268873,-0.350084009337501,0.999074836198916,0.816821403271916
"75",1995,0.56496445,0.589224815,0.53746685,119.20807,-9.8609345,1,0,0.28495528,0.108765109,0.19991025,0.08232495,249126.044,44.443,0.528117643658444,0.810117452274974,0.0185440295180767,0.552925950549006,0.656378693884727,NA,-1.16829065478269,-0.948802545849126,-0.643369667515181,-0.516793893113732,-0.286691473890439,0.878320902136221,0.819844670312312
"76",1996,0.59172145,0.591787605,0.56428925,117.331936,-9.2795785,1,7,0.285922864,0.084890561,0.20051785,0.0875631,248138.9245,44.4005,1.04235131640124,0.825685419440096,0.477878884068857,0.226876050656915,0.842002647722275,NA,0.783507575164525,-0.945372769094686,-0.827555030088471,-0.483477727066576,-0.207329219271279,0.839258905046243,0.817821223867952
"77",1997,0.57796695,0.601817345,0.54626405,117.7594745,-9.140692,1,7,0.303142846,0.107329712,0.20388905,0.0900282,246396.506,45.1835,0.778008264050799,0.886612246450779,0.169196490985138,0.301177185397298,0.886348386417083,NA,0.783507575164525,-0.884333423698864,-0.654443348025556,-0.298626741256549,-0.169980939084249,0.77030844223346,0.855100248948745
"78",1998,0.5928674,0.61484337,0.5454227,118.535518,-8.8225045,1,7,0.277977635,0.100513606,0.19614045,0.0947249,248837.2385,45.231,1.06437493927674,0.965740356632284,0.154788332883094,0.436044367318689,0.987944003924573,NA,0.783507575164525,-0.973536072469795,-0.7070276715046,-0.72350107343725,-0.0988220945933867,0.866892377423084,0.857361747915971
"79",1999,0.5862456,0.641978199,0.5578091,119.7589625,-8.166139,1,7,0.263356708,0.087613715,0.20873355,0.09936195,245668.599,46.8325,0.937112819675577,1.13057404448934,0.366906012226022,0.648664551563805,1.19751810184832,NA,0.783507575164525,-1.02536259662993,-0.806546669769653,-0.0329911809941257,-0.0285669963656198,0.741503924527373,0.933609970989905
"80",2000,0.5890394,0.62222284,0.55734955,118.932672,-8.2888615,1,7,0.286654303,0.09978976,0.20091825,0.08985415,242958.072,46.3125,0.990805910639019,1.01056780900099,0.359036196981719,0.505065035320944,1.15833344447001,NA,0.783507575164525,-0.942780051067631,-0.712611937977717,-0.461522834233658,-0.172617938867849,0.634243762220473,0.908852508611856
"81",2001,0.58593315,0.638171686,0.5509531,117.9032015,-8.051444,1,7,0.270392167,0.094753797,0.1872397,0.0912574,241011.54,48.6245,0.931107949508948,1.1074509367054,0.249496691553743,0.3261552381173,1.23413962013556,NA,0.783507575164525,-1.00042413781394,-0.751462963390248,-1.21155055491228,-0.151357554229315,0.557216181142856,1.01892799518503
"82",2002,0.57862785,0.65135229,0.5478405,119.5606995,-7.517304,1,7,0.275408605,0.081102737,0.19558895,0.0838091,239810.2355,48.202,0.790709876126733,1.1875180550758,0.19619327096965,0.614208787048955,1.4046877502018,NA,0.783507575164525,-0.982642464654306,-0.856777017319551,-0.753741141862211,-0.264205388117213,0.509678519407699,0.998812557002862
"83",2003,0.57663275,0.66617755,0.53494295,121.0065355,-7.3594095,1,7,0.247379432,0.080684691,0.19546715,0.09231585,245057.708,48.4045,0.752366728520904,1.27757582839878,-0.0246778760310438,0.865477983737666,1.45510264465409,NA,0.783507575164525,-1.08199694550721,-0.860002123574225,-0.760419728143554,-0.135321171460274,0.717329928912564,1.00845368417893
"84",2004,0.5722624,0.66055256,0.53087645,121.676676,-7.3586795,1,7,0.264210291,0.069287271,0.2022549,0.09381965,239908.2885,48.974,0.668374459893198,1.24340616969708,-0.0943168787314264,0.981940476789141,1.45533572986573,NA,0.783507575164525,-1.02233691706993,-0.94792998445352,-0.388231107197892,-0.11253737212343,0.513558643344733,1.03556786653335
"85",2005,0.5763006,0.659766555,0.53318355,122.1156545,-7.2980135,1,7,0.246816743,0.08108178,0.189185735,0.09406585,238882.838,50.3475,0.745983250761756,1.23863149052648,-0.0548076833225867,1.05822974822699,1.47470606883791,NA,0.783507575164525,-1.08399149859219,-0.856938694627261,-1.10484478599592,-0.108807240858148,0.472979823407617,1.1009608945646
"86",2006,0.56844475,0.657829535,0.5208878,121.813486,-7.139478,1,7,0.266283979,0.073208889,0.18738655,0.08384885,236364.3485,50.631,0.5950043443815,1.22686483631049,-0.265372977175588,1.0057164367175,1.52532563126371,NA,0.783507575164525,-1.01498635432978,-0.917675814481216,-1.20349841701888,-0.263603143122107,0.373318911511805,1.1144584726111
"87",2007,0.56483005,0.6730113,0.51510375,123.4701225,-6.9939475,1,7,0.241804361,0.071561766,0.19531585,0.083876,242951.7495,50.7085,0.525534655819127,1.31908824089245,-0.364425103960084,1.29362026713824,1.5717927646793,NA,0.783507575164525,-1.10175879452512,-0.930382900996856,-0.768715870215533,-0.263191798427337,0.633993570144842,1.11814828671552
"88",2008,0.5834105,0.675860892,0.5312543,123.4698405,-6.803835,1,0,0.24111812,0.061075723,0.1985907,0.07707565,239900.875,50.522,0.882625998074012,1.33639842030239,-0.0878461798084378,1.2935712588735,1.63249469933541,NA,-1.16829065478269,-1.10419130005409,-1.01127974695658,-0.589147986114925,-0.366222660124579,0.513265278543991,1.10926892761262
"89",2009,0.56685735,0.680765665,0.511821869,123.656818,-6.8395785,1,0,0.245269346,0.063429006,0.20644795,0.08704805,238880.798,51.36,0.56449664426146,1.36619303672292,-0.420627469586872,1.32606573696359,1.62108198527726,NA,-1.16829065478269,-1.08947652755142,-0.993124836438798,-0.158316113708708,-0.215132647817922,0.47289909713885,1.14916653044494
"90",2010,0.57781115,0.693696355,0.52581128,123.4369655,-6.694271,1,0,0.228712283,0.077970515,0.201977,0.08600675,243543.9095,52.7635,0.775013996897782,1.44474202331268,-0.181058151892106,1.28785797269087,1.66747791595012,NA,-1.16829065478269,-1.14816603647178,-0.880941221170867,-0.403469031069691,-0.230909194067062,0.657426348239897,1.21598787361338
"91",2011,0.55982215,0.671269066,0.479514985,122.3993055,-7.1769615,1,0,0.239381757,0.085690283,0.2040738,0.0899024,236586.656,53.184,0.429289530815254,1.30850483698266,-0.973884369160698,1.10752493724563,1.51335734423533,NA,-1.16829065478269,-1.11034615322929,-0.82138540180785,-0.288496455415185,-0.171886911924105,0.382115997293293,1.2360080907864
"92",2012,0.5716951,0.66981134,0.47465727,122.099837,-6.9997085,1,7,0.236196586,0.069287541,0.1951285,0.08370135,242556.9375,54.34,0.65747171434822,1.29964971014678,-1.05707296574319,1.05548085380285,1.56995330727616,NA,0.783507575164525,-1.12163656879498,-0.947927901480142,-0.778988720296071,-0.265837888701429,0.618370187975725,1.29104583407299
"93",2013,0.57887375,0.656467189,0.4672444,120.7844735,-7.1999795,1,1,0.24196859,0.072768731,0.1995335,0.0976217,239570.8225,55.6915,0.795435744502388,1.2185891064241,-1.18401871121167,0.826886234497028,1.50600781628785,NA,-0.889462336218803,-1.10117665508647,-0.921071508540829,-0.537451999694157,-0.054933206497249,0.500204539905418,1.35539143100363
"94",2014,0.58957415,0.653497022,0.464598955,122.584669,-6.957376,1,0,0.23761402,0.058542843,0.1900837,0.08467125,231953.446,56.9645,1.00108308881666,1.20054648009462,-1.22932208057075,1.13973892122473,1.58346985484053,NA,-1.16829065478269,-1.11661221723052,-1.03082019736237,-1.05560721021492,-0.251143110820856,0.198771999391059,1.41599960332528
"95",2015,0.591007561,0.633498827,0.443944464,119.6961051,-7.134255308,1,0,0.246800921,0.05826166,0.187513154,0.095743397,224708.8441,59.54790264,1.02863132677607,1.07906510896328,-1.58303120500799,0.637740678867358,1.52699320971601,NA,-1.16829065478269,-1.08404758253716,-1.03298944441176,-1.19655641588947,-0.0833910324354015,-0.0879092163440623,1.53899670653134
"96",2016,0.599976384,0.592877156,0.43076903,119.0703438,-7.949912646,1,0,0.280289704,0.074646384,0.180197969,0.107298222,219400.7638,61.37125444,1.20100008229687,0.832304024239055,-1.80866112850602,0.528990765896673,1.2665580545681,NA,-1.16829065478269,-0.96534052509524,-0.906585948496223,-1.59766556356173,0.0916740122330098,-0.297958979551016,1.62580740574374
"97",2017,0.6122864,0.586738587,0.414465275,116.8402775,-8.4226975,1,1,0.289916291,0.098209213,0.19421845,0.11175245,209343.613,64.8615,1.43758208847106,0.795014569920584,-2.08786369544845,0.141431618273037,1.11560030421549,NA,-0.889462336218803,-0.931217343730943,-0.72480540954665,-0.828888945627235,0.159159207706181,-0.695937537651695,1.79197975793961
"98",2018,0.66493,0.59059117,0.44714092,122.004325,-7.253666,1,1,0.271940903,0.035947921,0.17178135,0.1281401,200919.119,67.276,2.44932151271155,0.818417535300075,-1.52829174650175,1.03888199783707,1.48886599544537,NA,-0.889462336218803,-0.994934362526661,-1.20513360848476,-2.05916898054601,0.407445501895863,-1.02930909004483,1.90693532123153
"99",2019,0.64421535,0.578796113,0.46585562,118.868163,-8.041738,1,1,0.289297545,0.07651759,0.1671606,0.1247987,197733.133,69.6555,2.05121370731178,0.746767084000226,-1.20780163366839,0.493854134078208,1.23723869556602,NA,-0.889462336218803,-0.93341060100649,-0.892150125227053,-2.31253579137945,0.356820560345036,-1.15538397344112,2.02022451686339
"100",2020,0.673077449,0.611914191,0.482755148,121.2287039,-7.204023918,1,1,0.247374037,0.039052253,0.177048178,0.143504841,197114.6623,63.11104784,2.6059045609888,0.947946716695822,-0.918396426235164,0.904088224039897,1.50471645460907,NA,-0.889462336218803,-1.08201606906195,-1.18118456806867,-1.77037616259043,0.640233888520807,-1.17985791067328,1.70863984737081
